average,median,10th percentile,90th percentile,round_number
0.0023289665211062593,0.002770274418319111,0.0,0.0029991714995857496,0
0.053857350800582245,0.05554923996362219,0.04771765772420508,0.05854873871068203,1
