average,median,10th percentile,90th percentile,round_number
0.015625,0.015625,0.015625,0.015625,0
0.046875,0.046875,0.046875,0.046875,10
0.0625,0.0625,0.0625,0.0625,20
