num_correct,num_samples,loss,client_id,round_number
6,252,3.556879699230194,c50f55b8,0
9,252,3.5510551929473877,c50f55b8,10
14,252,3.5453531742095947,c50f55b8,20
