average,median,10th percentile,90th percentile,round_number
0.017661603673613566,0.0,0.0,0.040166666666666684,0
0.2016955139526669,0.2,0.07677793904208999,0.32,10
0.24161073825503357,0.22401433691756273,0.0796923076923077,0.40230769230769253,20
0.28859060402684567,0.31789473684210523,0.10833333333333334,0.4247692307692309,30
0.3878488166725539,0.37636165577342046,0.1900580551523948,0.5792307692307693,40
0.3553514659131049,0.3556756756756757,0.19423076923076923,0.5186666666666666,50
0.31013776050865416,0.3076923076923077,0.12,0.48038709677419356,60
0.2041681384669728,0.18209134615384615,0.10800000000000001,0.34615384615384615,70
