average,median,10th percentile,90th percentile,round_number
0.034482758620689655,0.02,0.0,0.07432065217391305,0
