num_correct,num_samples,loss,client_id,round_number
12,252,3.8267326951026917,c50f55b8,0
4,210,3.5813974142074585,893705bb,0
9,200,3.560334086418152,cce7416f,0
3,188,4.035362323125203,2aca1e72,0
7,180,15.853880564371744,ddedba85,0
