average,median,10th percentile,90th percentile,round_number
0.0,0.0,0.0,0.0,0
0.05426356589147287,0.05064102564102564,0.021951219512195124,0.0976190476190476,1
