average,median,10th percentile,90th percentile,round_number
0.0029069767441860465,0.0029069767441860465,0.0029069767441860465,0.0029069767441860465,0
