average,median,10th percentile,90th percentile,round_number
0.028468400075915733,0.03337041156840934,0.0,0.07692307692307693,0
0.03985576010628203,0.04,0.0,0.08333333333333333,10
0.03454165875877776,0.04,0.0,0.08,20
