average,median,10th percentile,90th percentile,round_number
0.03673613564111621,0.04,0.0,0.07692307692307693,0
0.04627340162486754,0.04,0.0,0.08088888888888897,10
0.06676086188625928,0.06125,0.0,0.12104347826086966,20
