average,median,10th percentile,90th percentile,round_number
0.00282585658777817,0.0,0.0,0.0,0
0.015542211232779936,0.0,0.0,0.04,10
0.03850229600847757,0.03774928774928775,0.0,0.08,20
0.03850229600847757,0.03774928774928775,0.0,0.08,30
0.03850229600847757,0.03774928774928775,0.0,0.08,40
0.03850229600847757,0.03774928774928775,0.0,0.08,50
